Chr7:34668465..34668522      25 58      gi|927156182|ref|XM_013977795.1|     138 170     c   0.9412 0.9412 84	58.62	5.92
Chr7:34668644..34668824      55 99      gi|927174015|ref|XR_001298620.1|    1284 1330    d   0.8085 0.8085 72	24.86	2.92
Chr7:34668644..34668824     120 164     gi|927222582|ref|XM_005658312.2|    1747 1794    d   0.8085 0.8085 70	24.86	2.11
Chr7:34669984..34670411     193 241     gi|115312275|ref|NM_001048232.1|    2636 2680    d   0.8696 0.8696 72	11.45	1.36
Chr7:34672239..34673607      68 142     gi|927120349|ref|XM_013996866.1|     180 251     c   0.7568 0.7568 68	5.48	3.41
Chr7:34672239..34673607     143 210     gi|927113110|ref|XM_003125325.4|    2124 2188    d   0.7612 0.7612 76	4.97	1.56
Chr7:34672239..34673607     247 292     gi|927208806|ref|XR_307905.2|    1584 1624    d   0.8605 0.8605 70	3.36	1.67
Chr7:34672239..34673607     368 419     gi|927109843|ref|XR_001307595.1|    1733 1792    c   0.8036 0.8036 70	3.80	0.91
Chr7:34672239..34673607     574 616     gi|47523551|ref|NM_214235.1|       2 45      c   0.8182 0.8182 68	3.14	8.06
Chr7:34672239..34673607     707 754     gi|927217418|ref|XM_013985803.1|    6361 6407    c   0.8163 0.8163 74	3.51	0.43
Chr7:34672239..34673607     818 857     gi|927191920|ref|XM_013978996.1|    3423 3462    c   0.8750 0.8750 84	2.92	0.92
Chr7:34673815..34674804      74 124     gi|927105079|ref|XM_013994879.1|      23 65      c   0.8478 0.8478 70	5.15	3.15
Chr7:34673815..34674804     228 282     gi|927098833|ref|XM_013993738.1|    1997 2050    d   0.7818 0.7818 72	5.56	0.72
Chr7:34673815..34674804     335 388     gi|927161288|ref|XR_304580.2|    2364 2423    c   0.8036 0.8036 72	5.45	1.42
Chr7:34673815..34674804     833 898     gi|927118136|ref|XM_013993190.1|      31 99      c   0.7681 0.7681 70	6.67	1.78
Chr7:34673815..34674804     908 937     gi|927098932|ref|XR_001306581.1|    1619 1648    c   0.9000 0.9000 68	3.03	1.23
Chr7:34675339..34676502     275 315     gi|927213051|ref|XM_013990654.1|     557 600     c   0.8333 0.8333 70	3.52	3.07
Chr7:34675339..34676502     703 730     gi|927184008|ref|XR_001304259.1|     242 269     c   0.9286 0.9286 70	2.41	1.66
Chr7:34675339..34676502     888 939     gi|72535173|ref|NM_001031777.1|     530 587     d   0.8148 0.8148 68	4.47	8.87
Chr7:34676633..34677769      41 108     gi|927108001|ref|XM_003124475.3|    3899 3964    d   0.7794 0.7794 72	5.98	1.05
Chr7:34676633..34677769     160 197     gi|927189749|ref|XM_013980502.1|    1826 1865    c   0.8500 0.8500 72	3.34	2.01
Chr7:34676633..34677769     413 452     gi|927214746|ref|XM_013985271.1|     241 280     d   0.8293 0.8293 68	3.52	1.58
Chr7:34678615..34679486     397 450     gi|927127084|ref|XM_003126050.4|    1170 1224    c   0.8269 0.8269 68	6.19	2.29
Chr7:34678615..34679486     593 680     gi|927206940|ref|XM_013983392.1|    1243 1326    d   0.7471 0.7471 70	10.09	5.50
Chr7:34680348..34681451     281 339     gi|927132131|ref|XR_001303554.1|     675 726     d   0.8364 0.8364 80	5.34	3.99
Chr7:34680348..34681451     395 425     gi|927194943|ref|XM_013980912.1|     805 835     d   0.9062 0.9062 68	2.81	0.67
Chr7:34680348..34681451     580 641     gi|927150312|ref|XM_003482073.3|    2755 2808    d   0.8364 0.8364 70	5.62	1.91
Chr7:34681476..34682910      84 216     gi|927156205|ref|XR_304397.2|     305 437     c   1.0000 1.0000 398	9.27	30.43
Chr7:34681476..34682910     325 354     gi|350592896|ref|XM_003483519.1|     524 553     c   0.9333 0.9333 76	2.09	2.68
Chr7:34681476..34682910     367 414     gi|927186807|ref|XM_013989736.1|    4128 4175    c   0.7959 0.7959 70	3.34	0.69
Chr7:34681476..34682910    1002 1072    gi|927213962|ref|XM_003359892.2|    1488 1566    c   0.7703 0.7703 74	4.95	3.29
Chr7:34681476..34682910    1320 1369    gi|927184059|ref|XM_003130507.3|    1058 1113    c   0.8148 0.8148 70	3.48	1.99
Chr7:34683581..34684724      61 226     gi|927101170|ref|XM_005660679.2|    1740 1908    d   0.7576 0.7576 80	14.51	7.88
Chr7:34683581..34684724     466 529     gi|927219687|ref|XM_013986357.1|     539 602     c   0.8308 0.8308 96	5.59	1.28
Chr7:34683581..34684724     567 620     gi|927204817|ref|XM_013982882.1|    1222 1276    c   0.8036 0.8036 76	4.72	0.78
Chr7:34683581..34684724     911 993     gi|927213856|ref|XM_005674537.2|    3230 3309    d   0.7470 0.7470 82	7.26	1.17
Chr7:34685039..34685316      49 87      gi|927129983|ref|XM_013997645.1|    1301 1341    d   0.8500 0.8500 68	14.03	0.80
Chr7:34685039..34685316     110 169     gi|927219793|ref|XM_005673874.2|    1107 1168    d   0.7869 0.7869 72	21.58	1.68
Chr7:34685980..34686717     108 139     gi|927219644|ref|XM_001924418.2|     621 651     d   0.9062 0.9062 72	4.34	1.69
Chr7:34685980..34686717     144 213     gi|927135716|ref|XM_005653206.2|    3413 3468    c   0.8333 0.8333 78	9.49	1.24
Chr7:34685980..34686717     229 277     gi|927164418|ref|XM_003128759.5|    1797 1848    c   0.8654 0.8654 98	6.64	2.72
Chr7:34685980..34686717     314 389     gi|927157560|ref|XR_001297869.1|    1796 1877    c   0.7250 0.7250 70	10.30	1.22
Chr7:34685980..34686717     427 476     gi|927197981|ref|XR_001300014.1|      98 140     d   0.8444 0.8444 70	6.78	2.46
Chr7:34687218..34688130       8 79      gi|927208230|ref|XM_013983742.1|    1899 1970    d   0.7568 0.7568 74	7.89	1.62
Chr7:34687218..34688130     522 616     gi|927151966|ref|XM_005665482.2|     651 740     c   0.7204 0.7204 68	10.41	4.20
Chr7:34688510..34689272      62 100     gi|545810510|ref|XM_005654712.1|    3002 3038    c   0.8462 0.8462 68	5.11	1.11
Chr7:34688510..34689272     169 227     gi|927106723|ref|XM_005661796.2|    1067 1124    c   0.8136 0.8136 72	7.73	1.31
Chr7:34688510..34689272     281 334     gi|927213385|ref|XM_005672613.2|    2106 2158    d   0.7857 0.7857 68	7.08	2.39
Chr7:34688510..34689272     436 504     gi|927199676|ref|XM_003132213.5|     611 676     c   0.7536 0.7536 74	9.04	6.48
Chr7:34688510..34689272     626 749     gi|927155109|ref|XM_013977643.1|    1486 1597    c   0.7699 0.7699 72	16.25	1.83
Chr7:34689317..34690305     149 180     gi|472824997|ref|NM_001170518.2|    1709 1740    c   0.8750 0.8750 68	3.24	1.29
Chr7:34689317..34690305     201 238     gi|927209272|ref|XM_005671643.2|    6333 6367    c   0.8649 0.8649 68	3.84	0.49
Chr7:34689317..34690305     312 398     gi|927219323|ref|XM_003135253.3|     864 936     c   0.7895 0.7895 70	8.80	2.09
Chr7:34689317..34690305     485 526     gi|927124808|ref|XM_013997333.1|    3684 3731    c   0.8409 0.8409 68	4.25	1.03
Chr7:34689317..34690305     529 559     gi|927204817|ref|XM_013982882.1|    1211 1243    d   0.9062 0.9062 70	3.13	0.47
Chr7:34689317..34690305     617 660     gi|190360594|ref|NM_001128474.1|    1612 1655    c   0.8261 0.8261 70	4.45	1.97
Chr7:34689317..34690305     677 757     gi|927160214|ref|XM_005666234.2|     211 296     c   0.7262 0.7262 68	8.19	5.81
Chr7:34690442..34691478     262 308     gi|927219630|ref|XM_003135318.4|    3322 3369    c   0.8750 0.8750 98	4.53	1.32
Chr7:34690442..34691478     344 384     gi|927099650|ref|XM_003122241.4|    2408 2448    c   0.8333 0.8333 70	3.95	0.81
Chr7:34690442..34691478     914 954     gi|927122972|ref|XM_013997215.1|     620 665     c   0.8409 0.8409 70	3.95	4.37
Chr7:34691567..34692502     174 358     gi|927193383|ref|XM_013980765.1|      18 207     d   0.7326 0.7326 84	19.76	4.58
Chr7:34691567..34692502     369 431     gi|927146067|ref|XM_005656023.2|    1049 1109    d   0.8000 0.8000 80	6.73	4.42
Chr7:34691567..34692502     529 634     gi|927146248|ref|XR_001309264.1|     204 296     d   0.7576 0.7576 92	11.32	6.56
Chr7:34693816..34694816     104 138     gi|821595490|ref|NM_001308823.1|      49 89      c   0.8919 0.8919 68	3.50	2.00
Chr7:34693816..34694816     198 257     gi|927222792|ref|XM_013991526.1|     494 565     d   0.8125 0.8125 70	5.99	3.71
Chr7:34693816..34694816     296 374     gi|927104654|ref|XM_013994793.1|     252 335     c   0.7590 0.7590 70	7.89	5.89
Chr7:34693816..34694816     447 525     gi|927156193|ref|XR_001297819.1|     738 806     c   0.7568 0.7568 70	7.89	3.17
Chr7:34693816..34694816     847 904     gi|227430406|ref|NM_001159615.1|     403 457     c   0.8070 0.8070 70	5.79	3.22
Chr7:34693816..34694816     946 984     gi|927118999|ref|XR_298335.2|    2018 2051    c   0.8889 0.8889 68	3.90	1.08
Chr7:34694967..34695638     142 183     gi|927226414|ref|XM_013992382.1|     175 212     d   0.8500 0.8500 68	6.25	0.57
Chr7:34694967..34695638     526 580     gi|347659029|ref|NM_001244711.1|     887 946     c   0.8136 0.8136 76	8.18	4.67
Chr7:34696003..34696892     192 266     gi|927216123|ref|XM_005657718.2|     569 637     d   0.7746 0.7746 72	8.43	3.64
Chr7:34696003..34696892     297 354     gi|927146360|ref|XM_013988781.1|    1012 1064    d   0.8182 0.8182 72	6.52	0.52
Chr7:34696003..34696892     539 639     gi|927099667|ref|XM_013993934.1|    6844 6946    c   0.7426 0.7426 76	11.35	0.77
Chr7:34697024..34698216     754 809     gi|545833238|ref|XM_005653361.1|     757 816     d   0.8136 0.8136 78	4.69	3.48
Chr7:34697024..34698216     830 873     gi|927099362|ref|XM_013986760.1|    2500 2542    d   0.8182 0.8182 72	3.69	0.99
Chr7:34697024..34698216     977 1056    gi|545804714|ref|XM_005660516.1|    1539 1620    d   0.7262 0.7262 68	6.71	2.17
Chr7:34698341..34699222     223 302     gi|927205996|ref|XM_001927426.4|    1846 1925    d   0.7564 0.7564 68	9.07	2.27
Chr7:34698341..34699222     335 394     gi|927214524|ref|XM_013985209.1|     940 999     c   0.8033 0.8033 88	6.80	2.74
Chr7:34701132..34701456     114 148     gi|927122135|ref|XM_013997109.1|    1514 1550    c   0.8649 0.8649 70	10.77	1.56
Chr7:34701709..34701986      28 139     gi|927219831|ref|XM_005673885.2|     585 696     c   0.7257 0.7257 70	40.29	2.37
Chr7:34702121..34704276      11 58      gi|927205069|ref|XM_005670702.2|    2943 2989    c   0.8125 0.8125 72	2.23	0.93
Chr7:34702121..34704276     442 611     gi|927109018|ref|XM_013987754.1|    2223 2403    d   0.7151 0.7151 68	7.88	4.29
Chr7:34702121..34704276    1038 1113    gi|927225812|ref|XM_005658889.2|     260 332     c   0.7600 0.7600 70	3.53	4.08
Chr7:34702121..34704276    1165 1222    gi|927107380|ref|XM_013995399.1|    1388 1446    c   0.8136 0.8136 76	2.69	1.88
Chr7:34702121..34704276    1256 1282    gi|927201818|ref|XM_005670052.2|     203 229     c   1.0000 1.0000 80	1.25	0.64
Chr7:34702121..34704276    1461 1491    gi|927095443|ref|XR_001306117.1|    1001 1031    d   0.9032 0.9032 72	1.44	2.06
Chr7:34702121..34704276    1764 1812    gi|927161182|ref|XR_001297975.1|     463 509     d   0.7959 0.7959 70	2.27	1.61
Chr7:34702121..34704276    2022 2069    gi|927214259|ref|XM_003359917.4|    4877 4929    c   0.8113 0.8113 68	2.23	0.87
Chr7:34705002..34705766      68 352     gi|927156208|ref|XR_001297820.1|      91 375     c   1.0000 1.0000 854	37.25	76.00
Chr7:34705002..34705766     392 442     gi|927115657|ref|XM_013996450.1|    3312 3359    c   0.8600 0.8600 82	6.67	0.97
Chr7:34706888..34707822     505 566     gi|927200573|ref|XR_001300308.1|    1417 1478    c   0.7778 0.7778 84	6.63	1.94
Chr7:34706888..34707822     698 741     gi|927141595|ref|XM_005664684.2|    2118 2160    c   0.8182 0.8182 68	4.71	1.62
Chr7:34708563..34711493      85 134     gi|927195771|ref|XM_013980987.1|     589 639     c   0.8235 0.8235 72	1.71	1.16
Chr7:34708563..34711493     236 263     gi|927135806|ref|XM_013994261.1|     153 181     c   0.9310 0.9310 70	0.96	2.39
Chr7:34708563..34711493     538 627     gi|545814437|ref|XM_003124532.4|    1547 1627    c   0.7857 0.7857 70	3.07	2.89
Chr7:34708563..34711493     649 762     gi|927108924|ref|XM_013995753.1|    3455 3584    c   0.7603 0.7603 80	3.89	2.19
Chr7:34708563..34711493     957 1035    gi|927139955|ref|XM_003355926.4|      22 92      c   0.7867 0.7867 88	2.70	1.43
Chr7:34708563..34711493    1217 1419    gi|927109235|ref|XM_005655176.2|      45 217     d   0.7204 0.7204 70	6.93	2.45
Chr7:34708563..34711493    1612 1664    gi|927204069|ref|XM_013982686.1|      61 119     c   0.8070 0.8070 68	1.81	9.16
Chr7:34708563..34711493    1924 1990    gi|927107062|ref|XR_001303257.1|     498 564     d   0.7313 0.7313 74	2.29	2.99
Chr7:34708563..34711493    1998 2085    gi|927145745|ref|XM_003127638.3|     150 246     d   0.7609 0.7609 70	3.00	3.68
Chr7:34708563..34711493    2246 2301    gi|927178407|ref|XM_013979588.1|     849 917     c   0.8167 0.8167 68	1.91	1.85
Chr7:34708563..34711493    2573 2665    gi|545839912|ref|XM_005666058.1|    2704 2798    d   0.7634 0.7634 76	3.17	3.35
Chr7:34708563..34711493    2701 2794    gi|927156208|ref|XR_001297820.1|       1 94      c   1.0000 1.0000 282	3.21	25.07
Chr7:34708563..34711493    2880 2929    gi|927216368|ref|XM_003134649.4|     217 265     d   0.8200 0.8200 84	1.71	1.40
Chr7:34711563..34716378      23 100     gi|927101219|ref|XM_003122534.3|     105 177     d   0.7692 0.7692 72	1.62	2.02
Chr7:34711563..34716378     134 203     gi|927124516|ref|XM_003125869.3|     924 991     c   0.7429 0.7429 68	1.45	2.21
Chr7:34711563..34716378     665 787     gi|927107047|ref|XM_013987674.1|     220 337     d   0.7333 0.7333 68	2.55	2.90
Chr7:34711563..34716378     919 976     gi|927220914|ref|XM_013991124.1|     733 785     c   0.8036 0.8036 68	1.20	3.07
Chr7:34711563..34716378    1094 1125    gi|311311847|ref|NM_001145218.2|    1047 1079    d   0.8788 0.8788 68	0.66	1.48
Chr7:34711563..34716378    1301 1338    gi|927212612|ref|XM_013984771.1|    1846 1883    d   0.8718 0.8718 70	0.79	1.74
Chr7:34711563..34716378    1367 1432    gi|927171114|ref|XM_013998413.1|     280 343     d   0.8254 0.8254 68	1.37	4.65
Chr7:34711563..34716378    1740 2270    gi|545839070|ref|XR_304398.1|     315 845     c   1.0000 1.0000 1592	11.03	62.84
Chr7:34711563..34716378    2355 2392    gi|311269295|ref|XM_003132377.1|       1 38      c   0.8421 0.8421 72	0.79	3.00
Chr7:34711563..34716378    2557 2872    gi|545839070|ref|XR_304398.1|       1 316     c   1.0000 1.0000 948	6.56	37.40
Chr7:34711563..34716378    2911 2978    gi|927214585|ref|XM_013983232.1|      71 136     c   0.7500 0.7500 68	1.41	8.58
Chr7:34711563..34716378    3013 3071    gi|927209544|ref|XM_013984034.1|     147 203     c   0.7797 0.7797 74	1.23	3.44
Chr7:34711563..34716378    3259 3301    gi|927135392|ref|XR_001303236.1|    3130 3167    c   0.8750 0.8750 72	0.89	1.09
Chr7:34711563..34716378    3516 3584    gi|927127345|ref|XR_001308669.1|    1612 1683    c   0.7746 0.7746 68	1.43	3.35
Chr7:34711563..34716378    3966 4026    gi|927214311|ref|XM_005657666.2|     740 787     c   0.8462 0.8462 70	1.27	1.17
Chr7:34711563..34716378    4105 4147    gi|927099691|ref|XM_003353687.4|    3547 3586    c   0.8605 0.8605 72	0.89	1.05
Chr7:34716756..34717375     400 467     gi|927104819|ref|XM_013994844.1|    1318 1377    d   0.7812 0.7812 74	10.97	2.16
Chr7:34716756..34717375     516 586     gi|545851166|ref|XM_005667803.1|     570 639     c   0.7746 0.7746 68	11.45	2.83
Chr7:34717443..34718401     173 248     gi|927197126|ref|XM_013989945.1|    3055 3135    d   0.7561 0.7561 74	7.92	1.77
Chr7:34717443..34718401     352 415     gi|927218434|ref|XM_013990866.1|    3187 3254    d   0.7647 0.7647 70	6.67	2.03
Chr7:34717443..34718401     437 515     gi|927177934|ref|XM_013979535.1|     305 384     c   0.7692 0.7692 72	8.24	4.01
Chr7:34717443..34718401     523 587     gi|927212087|ref|XM_005654199.2|    1320 1389    c   0.7826 0.7826 68	6.78	2.10
Chr7:34717443..34718401     745 856     gi|927109053|ref|XM_003124718.3|    1848 1968    d   0.7203 0.7203 88	11.68	3.53
Chr7:34718454..34721433      55 106     gi|927136960|ref|XM_013998202.1|    3834 3883    d   0.8600 0.8600 82	1.74	1.19
Chr7:34718454..34721433     174 228     gi|927104158|ref|XM_013994694.1|    1403 1449    d   0.8235 0.8235 70	1.85	2.39
Chr7:34718454..34721433     392 465     gi|927101564|ref|XM_005660790.2|     888 969     c   0.7500 0.7500 78	2.48	6.13
Chr7:34718454..34721433     686 814     gi|927162487|ref|XM_001925764.4|    1206 1336    c   0.7197 0.7197 70	4.33	8.12
Chr7:34718454..34721433     843 893     gi|927205791|ref|XM_013983142.1|     977 1031    c   0.7963 0.7963 68	1.71	4.75
Chr7:34718454..34721433    1106 1374    gi|927168668|ref|XR_304946.2|     172 438     c   0.8315 0.8315 446	9.03	18.76
Chr7:34718454..34721433    1377 1524    gi|927108227|ref|XR_001307436.1|     826 992     c   0.7580 0.7580 152	4.97	13.08
Chr7:34718454..34721433    1646 1693    gi|927153705|ref|XM_013988943.1|    1387 1435    d   0.8039 0.8039 68	1.61	1.95
Chr7:34718454..34721433    1808 1862    gi|50979304|ref|NM_214346.1|    4118 4178    d   0.7759 0.7759 68	1.85	1.17
Chr7:34718454..34721433    2001 2093    gi|927205109|ref|XM_013982948.1|    4403 4482    d   0.7674 0.7674 80	3.12	1.31
Chr7:34718454..34721433    2617 2665    gi|927113030|ref|XM_005662677.2|    2073 2124    d   0.7843 0.7843 68	1.64	1.78
Chr7:34721685..34726695       1 1624    gi|927156193|ref|XR_001297819.1|      66 1689    d   1.0000 1.0000 4872	32.41	74.50
Chr7:34721685..34726695    2480 2554    gi|927120606|ref|XM_013996897.1|    1468 1537    d   0.8000 0.8000 76	1.50	3.06
Chr7:34721685..34726695    2604 2723    gi|47523955|ref|NM_214453.1|     791 899     c   0.7288 0.7288 74	2.39	6.88
Chr7:34721685..34726695    3165 3211    gi|47523425|ref|NM_214170.1|     674 729     d   0.8235 0.8235 68	0.94	7.24
Chr7:34721685..34726695    3277 3325    gi|927223998|ref|XM_013991815.1|     391 431     d   0.8605 0.8605 68	0.98	2.91
Chr7:34721685..34726695    3345 3391    gi|927200306|ref|XM_001924969.5|    1667 1714    c   0.7959 0.7959 68	0.94	2.33
Chr7:34721685..34726695    3929 3983    gi|927174275|ref|XM_003129679.5|    2273 2324    d   0.8000 0.8000 78	1.10	1.15
Chr7:34721685..34726695    4455 4504    gi|172072658|ref|NM_001122985.1|     692 736     d   0.8163 0.8163 70	1.00	2.25
Chr7:34721685..34726695    4683 4741    gi|927112885|ref|XM_013996250.1|     384 450     c   0.7903 0.7903 70	1.18	5.22
Chr7:34721685..34726695    4809 4853    gi|927159203|ref|XR_304485.2|    2802 2844    c   0.8444 0.8444 80	0.90	0.95
Chr7:34727438..34728667      17 1124    gi|927139636|ref|XR_001309100.1|     101 1337    d   0.8033 0.8033 1282	90.08	59.30
Chr7:34727438..34728667    1145 1227    gi|545854485|ref|XR_306124.1|     332 404     c   0.8649 0.8649 130	6.75	10.41
Chr7:34729818..34729965      25 141     gi|927219222|ref|XR_001302663.1|      34 139     d   0.8018 0.8018 132	79.05	5.65
Chr7:34730079..34731115     485 543     gi|927222346|ref|XR_309430.2|     267 326     d   0.8033 0.8033 80	5.69	5.31
Chr7:34730079..34731115     547 577     gi|927201895|ref|XM_013990146.1|    3217 3247    d   0.9032 0.9032 72	2.99	0.86
Chr7:34730079..34731115     653 681     gi|927216031|ref|XM_005657688.2|    1490 1521    c   0.9333 0.9333 68	2.80	0.93
Chr7:34730079..34731115     862 935     gi|927188789|ref|XM_001925740.6|    5804 5889    d   0.7750 0.7750 74	7.14	1.28
Chr7:34731445..34733396      98 141     gi|927108682|ref|XM_003481061.3|    3558 3602    d   0.8667 0.8667 74	2.25	0.87
Chr7:34731445..34733396     669 733     gi|927161759|ref|XM_013989109.1|     964 1031    d   0.7761 0.7761 72	3.33	1.77
Chr7:34731445..34733396     927 985     gi|927196635|ref|XM_005668882.2|    3096 3161    c   0.7903 0.7903 78	3.02	1.99
Chr7:34731445..34733396    1386 1466    gi|927182464|ref|XM_013979925.1|    7125 7198    c   0.7895 0.7895 70	4.15	0.92
Chr7:34733482..34734361     387 489     gi|160333765|ref|NM_001110428.1|    1255 1357    c   0.7282 0.7282 68	11.70	3.95
Chr7:34733482..34734361     529 565     gi|927106941|ref|XM_003124235.4|    1353 1388    d   0.8649 0.8649 72	4.20	2.26
Chr7:34733482..34734361     782 814     gi|927183431|ref|XM_013977957.1|   10455 10486   d   0.8788 0.8788 68	3.75	0.22
Chr7:34734515..34735000      96 199     gi|927208938|ref|XM_013983910.1|    2974 3085    d   0.7156 0.7156 84	21.40	3.43
Chr7:34735029..34735760     123 161     gi|927225659|ref|XM_005658866.2|    1771 1808    c   0.8462 0.8462 72	5.33	1.50
Chr7:34736376..34736873     342 439     gi|927107580|ref|XR_302091.2|     770 861     d   0.7474 0.7474 72	19.68	8.69
Chr7:34736902..34737316     130 182     gi|927102209|ref|XM_003122849.5|    2882 2938    c   0.8214 0.8214 72	12.77	1.79
Chr7:34737880..34739321     165 195     gi|927101111|ref|XM_003122503.4|    1802 1832    d   0.9062 0.9062 68	2.15	1.10
Chr7:34737880..34739321     274 350     gi|927127271|ref|XM_013997531.1|     394 465     d   0.7632 0.7632 72	5.34	14.72
Chr7:34737880..34739321     383 419     gi|545854486|ref|XR_306125.1|     195 233     d   0.8462 0.8462 68	2.57	5.16
Chr7:34737880..34739321     576 605     gi|927207836|ref|XM_005671389.2|    1258 1287    d   0.9000 0.9000 68	2.08	0.75
Chr7:34737880..34739321     688 805     gi|927114502|ref|XM_003125401.4|    2317 2461    c   0.7581 0.7581 76	8.18	4.95
Chr7:34737880..34739321     960 1046    gi|927203908|ref|XR_001300733.1|       2 82      d   0.7590 0.7590 74	6.03	22.44
Chr7:34737880..34739321    1088 1196    gi|927178826|ref|XR_001304145.1|     513 636     c   0.7500 0.7500 78	7.56	12.85
Chr7:34739527..34742322     333 388     gi|927212525|ref|XR_001304747.1|     196 257     d   0.7833 0.7833 68	2.00	9.00
Chr7:34739527..34742322     744 871     gi|927106941|ref|XM_003124235.4|    1083 1206    c   0.7402 0.7402 84	4.58	7.78
Chr7:34739527..34742322    1003 1081    gi|927107049|ref|XM_003480974.3|    1184 1261    c   0.7654 0.7654 84	2.83	3.92
Chr7:34739527..34742322    1082 1138    gi|927223248|ref|XM_013991631.1|      25 76      d   0.7963 0.7963 72	2.04	4.16
Chr7:34739527..34742322    1294 1338    gi|927200640|ref|XM_013982008.1|     436 480     c   0.8261 0.8261 70	1.61	3.57
Chr7:34739527..34742322    1606 1643    gi|927140231|ref|XM_005655874.2|     849 886     d   0.8919 0.8919 68	1.36	0.40
Chr7:34739527..34742322    1788 1819    gi|927121705|ref|XM_005663360.2|    1114 1145    d   0.8750 0.8750 68	1.14	1.39
Chr7:34739527..34742322    2239 2303    gi|927213281|ref|XM_013984896.1|     341 403     c   0.7778 0.7778 72	2.32	3.15
Chr7:34739527..34742322    2383 2416    gi|927218265|ref|XR_001302599.1|      85 115     d   0.9091 0.9091 70	1.22	3.94
Chr7:34742344..34742524      85 179     gi|927213936|ref|XM_003359881.3|     299 387     d   0.7527 0.7527 86	52.49	2.93
Chr7:34742875..34743224     108 149     gi|927161423|ref|XR_304586.2|    4255 4297    c   0.8605 0.8605 78	12.00	0.59
Chr7:34742875..34743224     168 248     gi|927204892|ref|XM_005657319.2|    7989 8082    d   0.7765 0.7765 86	23.14	0.61
Chr7:34743252..34743991       9 51      gi|927099854|ref|XM_005654607.2|     485 524     c   0.8537 0.8537 74	5.81	1.99
Chr7:34743252..34743991     154 254     gi|927127196|ref|XM_005663788.2|      74 163     c   0.7708 0.7708 86	13.65	2.55
Chr7:34743252..34743991     566 618     gi|927126150|ref|XR_297127.2|     903 957     d   0.7857 0.7857 72	7.16	4.75
Chr7:34744038..34746693     290 330     gi|927101324|ref|XM_013994133.1|    1723 1765    d   0.8605 0.8605 76	1.54	0.73
Chr7:34744038..34746693     577 621     gi|927103339|ref|XM_003123478.3|     593 638     c   0.8043 0.8043 72	1.69	0.91
Chr7:34744038..34746693     955 1008    gi|927193221|ref|XM_003131190.3|    2265 2317    c   0.8889 0.8889 116	2.03	2.29
Chr7:34744038..34746693    1213 1296    gi|927205109|ref|XM_013982948.1|    3170 3265    d   0.7640 0.7640 70	3.16	1.57
Chr7:34744038..34746693    1470 1531    gi|927201898|ref|XM_001927024.3|    2279 2337    c   0.8033 0.8033 70	2.33	1.40
Chr7:34744038..34746693    1605 1705    gi|927109844|ref|XM_013995961.1|     957 1049    c   0.7872 0.7872 80	3.80	2.00
Chr7:34744038..34746693    1822 1903    gi|927107403|ref|XM_003124307.4|     409 480     d   0.7662 0.7662 80	3.09	3.93
Chr7:34744038..34746693    2061 2116    gi|927201828|ref|XM_013982267.1|    2753 2818    c   0.8070 0.8070 68	2.11	1.48
Chr7:34744038..34746693    2124 2197    gi|927101905|ref|XM_005660898.2|     425 490     c   0.7571 0.7571 70	2.79	3.54
Chr7:34744038..34746693    2242 2292    gi|927117827|ref|XM_001926617.5|     176 227     d   0.8077 0.8077 78	1.92	0.45
Chr7:34746737..34749366    1154 1296    gi|927180687|ref|XM_013979786.1|     306 442     d   0.7447 0.7447 84	5.44	5.25
Chr7:34746737..34749366    1932 1967    gi|927211877|ref|XR_308299.2|     307 339     c   0.9118 0.9118 74	1.37	0.76
Chr7:34746737..34749366    2365 2404    gi|927120743|ref|XM_005663241.2|    3140 3181    d   0.8293 0.8293 68	1.52	0.72
Chr7:34749841..34754880       7 52      gi|927193761|ref|XR_306421.2|    2780 2827    d   0.8125 0.8125 70	0.91	1.66
Chr7:34749841..34754880      87 148     gi|927137203|ref|XM_005655789.2|    1140 1196    c   0.7667 0.7667 68	1.23	2.43
Chr7:34749841..34754880     154 191     gi|927198192|ref|XM_003131991.3|     988 1026    d   0.8462 0.8462 72	0.75	0.85
Chr7:34749841..34754880     202 284     gi|927144883|ref|XM_013998935.1|     495 569     d   0.7692 0.7692 68	1.65	7.06
Chr7:34749841..34754880     864 916     gi|927105184|ref|XM_013994906.1|    2075 2129    c   0.7963 0.7963 70	1.05	1.55
Chr7:34749841..34754880     994 1033    gi|927216796|ref|XM_005673223.2|     620 660     c   0.8293 0.8293 70	0.79	0.76
Chr7:34749841..34754880    1100 1155    gi|927156615|ref|XM_003356619.3|    2881 2937    d   0.7759 0.7759 74	1.11	1.53
Chr7:34749841..34754880    1328 1383    gi|927196444|ref|XM_013980992.1|      27 84      c   0.7931 0.7931 74	1.11	3.36
Chr7:34749841..34754880    2029 2196    gi|927219901|ref|XM_013986422.1|    1407 1559    c   0.7152 0.7152 84	3.33	2.03
Chr7:34749841..34754880    2281 2346    gi|927107053|ref|XM_013987676.1|     898 968     d   0.7971 0.7971 70	1.31	2.02
Chr7:34749841..34754880    2442 2482    gi|927185799|ref|XM_003130670.4|     844 884     d   0.8333 0.8333 70	0.81	2.31
Chr7:34749841..34754880    2651 2679    gi|927205889|ref|XM_005670917.2|    1432 1459    c   0.9310 0.9310 70	0.58	0.44
Chr7:34749841..34754880    2728 2756    gi|927175686|ref|XM_013979322.1|    1408 1440    d   0.9355 0.9355 68	0.58	0.67
Chr7:34749841..34754880    2983 3035    gi|927159072|ref|XM_001927117.4|     312 362     c   0.7925 0.7925 70	1.05	3.34
Chr7:34749841..34754880    3120 3248    gi|545806895|ref|XM_003353827.2|     295 440     d   0.7313 0.7313 76	2.56	21.07
Chr7:34749841..34754880    3539 3650    gi|927204510|ref|XM_013982777.1|    3022 3138    c   0.7105 0.7105 68	2.22	2.70
Chr7:34749841..34754880    3736 3774    gi|927161285|ref|XR_304577.2|    3331 3369    d   0.8718 0.8718 82	0.77	0.88
Chr7:34754905..34755598       3 58      gi|545876417|ref|XM_003133801.2|    2550 2610    c   0.7931 0.7931 68	8.07	2.10
Chr7:34754905..34755598     153 208     gi|927093580|ref|XM_013984539.1|    1106 1160    d   0.7931 0.7931 70	8.07	3.25
Chr7:34757003..34757929     673 752     gi|927096619|ref|XM_013985622.1|    2986 3062    d   0.7722 0.7722 78	8.63	1.83
Chr7:34757970..34759130     115 145     gi|927209036|ref|XR_001301323.1|     212 242     c   0.9062 0.9062 68	2.67	5.46
Chr7:34757970..34759130     376 434     gi|927099776|ref|XM_003122262.4|    1554 1612    c   0.8000 0.8000 90	5.08	1.39
Chr7:34757970..34759130     572 726     gi|927158037|ref|XM_001925115.3|    2261 2414    c   0.7290 0.7290 78	13.35	4.06
Chr7:34757970..34759130     751 806     gi|927220624|ref|XM_013986576.1|     890 945     c   0.8000 0.8000 68	4.82	3.22
Chr7:34757970..34759130     866 931     gi|927183106|ref|XM_013979976.1|     393 460     c   0.7761 0.7761 70	5.68	1.26
Chr7:34757970..34759130    1069 1141    gi|927213520|ref|XR_001301984.1|    2949 3030    c   0.7922 0.7922 72	6.29	1.72
Chr7:34759161..34759926     112 153     gi|927221554|ref|XM_013991251.1|     422 460     c   0.8333 0.8333 68	5.48	1.82
Chr7:34759161..34759926     156 236     gi|927213042|ref|XM_005674572.2|    1945 2027    d   0.7625 0.7625 74	10.57	1.34
Chr7:34759161..34759926     572 639     gi|927199515|ref|XM_005669519.2|    6706 6773    d   0.8209 0.8209 88	8.88	0.73
Chr7:34759161..34759926     686 738     gi|927148493|ref|XM_005656109.2|     240 290     d   0.7736 0.7736 68	6.92	2.83
Chr7:34759952..34761243      14 71      gi|927177431|ref|XM_013979485.1|    2544 2608    d   0.7705 0.7705 68	4.49	0.81
Chr7:34759952..34761243     303 397     gi|927146628|ref|XM_013995754.1|     867 975     c   0.7788 0.7788 88	7.35	11.15
Chr7:34759952..34761243    1220 1264    gi|927113190|ref|XM_013996291.1|     132 171     c   0.9048 0.9048 80	3.48	4.91
Chr7:34761279..34761868      32 77      gi|927225844|ref|XM_013992199.1|     363 416     c   0.8776 0.8776 76	7.80	3.28
Chr7:34761279..34761868     141 173     gi|927200752|ref|XM_005669834.2|     773 804     d   0.9091 0.9091 70	5.59	2.47
Chr7:34761279..34761868     391 460     gi|927145364|ref|XM_003127563.3|     679 746     c   0.7429 0.7429 68	11.86	3.62
Chr7:34761904..34764476      86 148     gi|927177296|ref|XR_001298838.1|     208 274     c   0.7576 0.7576 74	2.45	4.26
Chr7:34761904..34764476     423 459     gi|927099386|ref|XR_001306628.1|    1109 1143    c   0.8611 0.8611 68	1.44	2.78
Chr7:34761904..34764476     515 551     gi|927183405|ref|XR_001304240.1|    6000 6036    d   0.8684 0.8684 68	1.44	0.54
Chr7:34761904..34764476     749 784     gi|927226032|ref|XM_013992258.1|     533 570     d   0.8684 0.8684 72	1.40	1.67
Chr7:34761904..34764476     847 920     gi|927141217|ref|XM_013998549.1|    2254 2331    d   0.7468 0.7468 74	2.88	1.40
Chr7:34761904..34764476     931 1005    gi|347300361|ref|NM_001244546.1|     824 904     d   0.7595 0.7595 72	2.91	8.18
Chr7:34761904..34764476    1028 1074    gi|927136390|ref|XR_001308966.1|     157 205     d   0.8163 0.8163 78	1.83	6.39
Chr7:34761904..34764476    1228 1289    gi|927147871|ref|XM_013999158.1|     855 921     c   0.7812 0.7812 72	2.41	4.94
Chr7:34761904..34764476    1661 1689    gi|927110210|ref|XM_005662444.2|    1623 1653    c   0.9333 0.9333 70	1.13	1.56
Chr7:34764500..34765014     163 221     gi|927197197|ref|XM_003358162.3|     320 383     d   0.7581 0.7581 68	11.46	6.79
Chr7:34765260..34766059      65 156     gi|927201895|ref|XM_013990146.1|    3217 3310    c   0.7660 0.7660 106	11.50	2.60
Chr7:34765260..34766059     278 327     gi|927218652|ref|XM_013986147.1|    4317 4366    c   0.8235 0.8235 74	6.25	0.85
Chr7:34765260..34766059     509 551     gi|927196780|ref|XM_003131575.5|    2906 2949    c   0.8182 0.8182 68	5.38	0.75
Chr7:34765260..34766059     750 798     gi|927152096|ref|XM_013977354.1|    1751 1803    d   0.8200 0.8200 68	6.12	1.91
Chr7:34768847..34770906     239 324     gi|927222082|ref|XM_013991372.1|     138 217     c   0.7412 0.7412 74	4.17	3.99
Chr7:34768847..34770906     624 669     gi|927141222|ref|XM_003355959.3|    1414 1458    d   0.8333 0.8333 72	2.23	1.47
Chr7:34768847..34770906     688 772     gi|927183505|ref|XM_013978023.1|     779 868     c   0.7778 0.7778 84	4.13	9.72
Chr7:34768847..34770906     889 978     gi|927222120|ref|XM_013991385.1|     916 1000    d   0.7586 0.7586 82	4.37	7.44
Chr7:34768847..34770906    1104 1146    gi|927206619|ref|XR_001301002.1|    4317 4359    c   0.8837 0.8837 94	2.09	0.85
Chr7:34768847..34770906    1172 1259    gi|927106144|ref|XR_001307218.1|     361 439     d   0.7439 0.7439 72	4.27	9.09
Chr7:34768847..34770906    1490 1603    gi|927191847|ref|XM_013978927.1|     281 396     c   0.7368 0.7368 78	5.53	4.98
Chr7:34768847..34770906    1976 2017    gi|927107797|ref|XM_003124422.4|    1054 1091    d   0.8718 0.8718 72	2.04	1.67
Chr7:34772042..34772974     477 554     gi|927113782|ref|XM_003125346.3|     243 317     c   0.7403 0.7403 68	8.36	2.79
Chr7:34772042..34772974     568 753     gi|927156193|ref|XR_001297819.1|    1818 2008    d   0.9630 0.9630 504	19.94	8.76
Chr7:34773103..34775095       2 62      gi|927146532|ref|XM_013999054.1|     641 707     d   0.8030 0.8030 84	3.06	2.72
Chr7:34773103..34775095     157 196     gi|927204232|ref|XR_001300785.1|    1142 1179    c   0.8462 0.8462 70	2.01	2.21
Chr7:34773103..34775095     634 682     gi|545804027|ref|XR_297243.1|    1044 1093    d   0.8000 0.8000 72	2.46	2.37
Chr7:34773103..34775095     924 1119    gi|927156193|ref|XR_001297819.1|    1985 2180    d   1.0000 1.0000 588	9.83	8.99
Chr7:34773103..34775095    1145 1179    gi|927103072|ref|XR_001306971.1|     202 236     d   0.8571 0.8571 70	1.76	6.33
Chr7:34773103..34775095    1285 1351    gi|927159203|ref|XR_304485.2|    2682 2744    d   0.7656 0.7656 68	3.36	1.39
Chr7:34773103..34775095    1708 1743    gi|927218953|ref|XM_003135152.3|     517 551     d   0.9143 0.9143 72	1.81	1.41
Chr7:34773103..34775095    1877 1919    gi|927121308|ref|XR_303111.2|     429 469     d   0.8333 0.8333 72	2.16	5.42
Chr7:34775613..34776271     558 657     gi|927213569|ref|XR_001300865.1|     182 289     c   0.7404 0.7404 72	15.17	33.33
Chr7:34776923..34778211      27 70      gi|927195096|ref|XM_003131379.4|    3927 3971    c   0.8261 0.8261 72	3.41	1.07
Chr7:34776923..34778211     406 459     gi|927167096|ref|XR_297482.2|     615 666     c   0.8519 0.8519 80	4.19	7.47
Chr7:34776923..34778211    1006 1048    gi|55741487|ref|NM_213745.1|    2682 2723    c   0.8605 0.8605 84	3.34	1.50
Chr7:34778466..34779449     716 760     gi|927224516|ref|XM_005674323.2|     971 1017    d   0.8085 0.8085 72	4.57	1.30
Chr7:34778466..34779449     768 854     gi|927099786|ref|XM_001929435.4|      57 145     c   0.7701 0.7701 72	8.84	7.32
Chr7:34779667..34780718      38 67      gi|927099872|ref|XM_005654608.2|     196 224     d   0.9333 0.9333 72	2.85	0.81
Chr7:34779667..34780718     145 242     gi|927203515|ref|XM_005657167.2|    1857 1973    c   0.7596 0.7596 72	9.32	4.73
Chr7:34779667..34780718     338 390     gi|927101078|ref|XM_003122487.3|    1723 1774    d   0.8113 0.8113 76	5.04	2.02
Chr7:34779667..34780718     840 885     gi|927114370|ref|XM_005662769.2|     445 492     c   0.8298 0.8298 70	4.37	3.37
Chr7:34779667..34780718     911 970     gi|927109484|ref|XR_001307549.1|      73 129     d   0.8103 0.8103 74	5.70	2.03
